statefips,countyfips,target
2,13,2.43
2,16,3.59
2,20,2.77
2,50,3.86
2,60,2.5
2,68,2.34
2,70,3.56
2,90,2.69
2,100,2.12
2,105,2.26
2,110,2.62
2,122,2.57
2,130,2.55
2,150,2.98
2,158,4.65
2,164,2.9
2,170,3.03
2,180,3.26
2,185,3.28
2,188,3.97
2,195,2.4
2,198,2.77
2,220,2.49
2,230,2.15
2,240,3.11
2,261,3.1
2,275,2.08
2,282,2.32
2,290,2.81
1,1,2.68
1,3,2.6
1,5,2.61
1,7,2.95
1,9,2.74
1,11,2.73
1,13,2.49
1,15,2.52
1,17,2.44
1,19,2.28
1,21,2.68
1,23,2.37
1,25,2.57
1,27,2.45
1,29,2.57
1,31,2.62
1,33,2.43
1,35,2.48
1,37,2.42
1,39,2.49
1,41,2.56
1,43,2.55
1,45,2.56
1,47,2.53
1,49,2.81
1,51,2.65
1,53,2.6
1,55,2.56
1,57,2.36
1,59,2.62
1,61,2.47
1,63,2.7
1,65,2.53
1,67,2.47
1,69,2.62
1,71,2.56
1,73,2.47
1,75,2.27
1,77,2.35
1,79,2.46
1,81,2.54
1,83,2.64
1,85,2.49
1,87,2.24
1,89,2.46
1,91,2.42
1,93,2.34
1,95,2.72
1,97,2.62
1,99,2.62
1,101,2.47
1,103,2.55
1,105,2.7
1,107,2.51
1,109,2.44
1,111,2.49
1,113,2.59
1,115,2.62
1,117,2.66
1,119,2.61
1,121,2.49
1,123,2.48
1,125,2.75
1,127,2.54
1,129,2.75
1,131,2.86
1,133,2.53
5,1,2.39
5,3,2.52
5,5,2.23
5,7,2.75
5,9,2.45
5,11,2.39
5,13,2.4
5,15,2.49
5,17,2.36
5,19,2.28
5,21,2.31
5,23,2.5
5,25,2.53
5,27,2.37
5,29,2.49
5,31,2.52
5,33,2.58
5,35,2.67
5,37,2.49
5,39,2.26
5,41,2.33
5,43,2.43
5,45,2.65
5,47,2.58
5,49,2.27
5,51,2.35
5,53,2.61
5,55,2.56
5,57,2.81
5,59,2.59
5,61,2.65
5,63,2.52
5,65,2.28
5,67,2.25
5,69,2.41
5,71,2.5
5,73,2.52
5,75,2.45
5,77,2.34
5,79,2.43
5,81,2.39
5,83,2.48
5,85,2.7
5,87,2.46
5,89,2.43
5,91,2.5
5,93,2.57
5,95,2.27
5,97,2.33
5,99,2.48
5,101,2.42
5,103,2.34
5,105,2.62
5,107,2.48
5,109,2.5
5,111,2.57
5,113,2.56
5,115,2.62
5,117,2.16
5,119,2.49
5,121,2.36
5,123,2.51
5,125,2.66
5,127,2.66
5,129,2.48
5,131,2.53
5,133,2.81
5,135,2.37
5,137,2.4
5,139,2.43
5,141,2.44
5,143,2.55
5,145,2.55
5,147,2.36
5,149,2.8
4,1,3.67
4,3,2.42
4,5,2.7
4,7,2.5
4,9,3.02
4,11,2.78
4,12,2.14
4,13,2.75
4,15,2.43
4,17,3.08
4,19,2.49
4,21,2.87
4,23,3.04
4,25,2.3
4,27,2.77
6,1,2.78
6,3,3.06
6,5,2.36
6,7,2.55
6,9,2.45
6,11,3.04
6,13,2.82
6,15,2.55
6,17,2.69
6,19,3.17
6,21,2.92
6,23,2.47
6,25,3.61
6,27,2.23
6,29,3.21
6,31,3.19
6,33,2.34
6,35,2.24
6,37,3.02
6,39,3.35
6,41,2.41
6,43,2.29
6,45,2.51
6,47,3.32
6,49,2.32
6,51,2.82
6,53,3.26
6,55,2.74
6,57,2.38
6,59,3.04
6,61,2.67
6,63,2.26
6,65,3.24
6,67,2.76
6,69,3.33
6,71,3.33
6,73,2.86
6,75,2.32
6,77,3.16
6,79,2.51
6,81,2.85
6,83,2.92
6,85,2.95
6,87,2.72
6,89,2.54
6,91,2.38
6,93,2.26
6,95,2.89
6,97,2.59
6,99,3.08
6,101,2.95
6,103,2.63
6,105,2.38
6,107,3.36
6,109,2.28
6,111,3.08
6,113,2.77
6,115,2.87
8,1,2.98
8,3,2.56
8,5,2.63
8,7,2.25
8,9,2.3
8,11,2.19
8,13,2.45
8,14,2.57
8,15,2.21
8,17,2.63
8,19,2.13
8,21,2.78
8,23,2.46
8,25,3.78
8,27,2.15
8,29,2.41
8,31,2.3
8,33,2.64
8,35,2.76
8,37,2.94
8,39,2.82
8,41,2.6
8,43,2.21
8,45,2.72
8,47,2.14
8,49,2.69
8,51,2.34
8,53,2.18
8,55,2.08
8,57,2.15
8,59,2.44
8,61,2.45
8,63,2.35
8,65,2.38
8,67,2.38
8,69,2.47
8,71,2.36
8,73,2.24
8,75,2.61
8,77,2.43
8,79,1.91
8,81,2.6
8,83,2.44
8,85,2.4
8,87,2.67
8,89,2.42
8,91,2.31
8,93,2.2
8,95,2.52
8,97,2.28
8,99,2.44
8,101,2.49
8,103,2.48
8,105,2.49
8,107,2.46
8,109,2.39
8,111,2.15
8,113,2.31
8,115,2.44
8,117,2.82
8,119,2.42
8,121,2.3
8,123,2.8
8,125,2.6
9,1,2.76
9,3,2.51
9,5,2.46
9,7,2.4
9,9,2.56
9,11,2.45
9,13,2.49
9,15,2.53
11,1,2.22
10,1,2.71
10,3,2.63
10,5,2.52
12,1,2.46
12,3,3
12,5,2.54
12,7,2.72
12,9,2.46
12,11,2.73
12,13,2.64
12,15,2.26
12,17,2.25
12,19,2.84
12,21,2.59
12,23,2.66
12,27,2.78
12,29,2.41
12,31,2.58
12,33,2.53
12,35,2.71
12,37,2.24
12,39,2.53
12,41,2.54
12,43,3.04
12,45,2.52
12,47,2.35
12,49,3.33
12,51,3.18
12,53,2.45
12,55,2.39
12,57,2.64
12,59,2.6
12,61,2.44
12,63,2.52
12,65,2.17
12,67,2.81
12,69,2.57
12,71,2.59
12,73,2.43
12,75,2.53
12,77,2.77
12,79,2.52
12,81,2.52
12,83,2.48
12,85,2.39
12,86,3.08
12,87,2.55
12,89,2.66
12,91,2.5
12,93,2.77
12,95,2.75
12,97,3.23
12,99,2.54
12,101,2.53
12,103,2.27
12,105,2.77
12,107,2.57
12,109,2.62
12,111,2.64
12,113,2.65
12,115,2.21
12,117,2.85
12,119,2.05
12,121,2.69
12,123,2.44
12,125,2.58
12,127,2.46
12,129,2.57
12,131,2.45
12,133,2.66
13,1,2.63
13,3,2.98
13,5,2.71
13,7,2.55
13,9,2.62
13,11,2.8
13,13,3.05
13,15,2.81
13,17,2.68
13,19,2.71
13,21,2.59
13,23,2.71
13,25,2.79
13,27,2.37
13,29,2.89
13,31,2.54
13,33,2.81
13,35,2.7
13,37,2.13
13,39,2.68
13,43,2.75
13,45,2.72
13,47,2.71
13,49,3.32
13,51,2.55
13,53,3.24
13,55,2.49
13,57,2.84
13,59,2.55
13,61,2.57
13,63,2.97
13,65,2.49
13,67,2.64
13,69,2.73
13,71,2.86
13,73,2.98
13,75,2.74
13,77,2.73
13,79,2.72
13,81,2.64
13,83,2.47
13,85,2.74
13,87,2.46
13,89,2.63
13,91,2.35
13,93,2.52
13,95,2.52
13,97,2.87
13,99,2.62
13,101,2.86
13,103,2.95
13,105,2.49
13,107,2.68
13,109,2.6
13,111,2.48
13,113,2.8
13,115,2.64
13,117,3.14
13,119,2.54
13,121,2.5
13,123,2.58
13,125,2.67
13,127,2.49
13,129,2.83
13,131,2.7
13,133,2.4
13,135,3.12
13,137,2.74
13,139,3
13,141,2.49
13,143,2.63
13,145,2.79
13,147,2.48
13,149,2.65
13,151,3
13,153,2.72
13,155,2.71
13,157,2.88
13,159,2.61
13,161,2.75
13,163,2.61
13,165,2.53
13,167,2.8
13,169,2.76
13,171,2.62
13,173,2.72
13,175,2.65
13,177,2.76
13,179,2.72
13,181,2.23
13,183,3.27
13,185,2.78
13,187,2.66
13,189,2.61
13,191,2.63
13,193,2.62
13,195,2.75
13,197,2.83
13,199,2.65
13,201,2.42
13,205,2.55
13,207,2.68
13,209,2.62
13,211,2.76
13,213,2.75
13,215,2.61
13,217,2.92
13,219,2.88
13,221,2.63
13,223,2.99
13,225,2.5
13,227,2.61
13,229,2.72
13,231,2.92
13,233,2.78
13,235,2.55
13,237,2.49
13,239,2.29
13,241,2.34
13,243,2.54
13,245,2.68
13,247,2.91
13,249,2.7
13,251,2.61
13,253,2.62
13,255,2.76
13,257,2.7
13,259,2.48
13,261,2.58
13,263,2.43
13,265,2.42
13,267,2.46
13,269,2.39
13,271,2.37
13,273,2.68
13,275,2.53
13,277,2.76
13,279,2.5
13,281,2.34
13,283,2.38
13,285,2.73
13,287,2.63
13,289,2.79
13,291,2.54
13,293,2.55
13,295,2.59
13,297,2.88
13,299,2.39
13,301,2.58
13,303,2.64
13,305,2.77
13,307,2.56
13,309,2.16
13,311,2.42
13,313,2.96
13,315,2.52
13,317,2.45
13,319,2.8
13,321,2.65
15,1,2.9
15,3,3.06
15,5,1.37
15,7,3.07
15,9,2.96
19,1,2.25
19,3,2.18
19,5,2.26
19,7,2.28
19,9,2.15
19,11,2.51
19,13,2.42
19,15,2.37
19,17,2.45
19,19,2.5
19,21,2.55
19,23,2.37
19,25,2.19
19,27,2.36
19,29,2.18
19,31,2.37
19,33,2.17
19,35,2.14
19,37,2.27
19,39,2.43
19,41,2.27
19,43,2.3
19,45,2.36
19,47,2.64
19,49,2.69
19,51,2.73
19,53,2.38
19,55,2.48
19,57,2.36
19,59,2.14
19,61,2.41
19,63,2.23
19,65,2.31
19,67,2.28
19,69,2.42
19,71,2.36
19,73,2.3
19,75,2.37
19,77,2.34
19,79,2.36
19,81,2.33
19,83,2.37
19,85,2.37
19,87,2.43
19,89,2.39
19,91,2.28
19,93,2.24
19,95,2.34
19,97,2.29
19,99,2.41
19,101,2.24
19,103,2.37
19,105,2.34
19,107,2.33
19,109,2.23
19,111,2.4
19,113,2.42
19,115,2.58
19,117,2.34
19,119,2.57
19,121,2.48
19,123,2.41
19,125,2.43
19,127,2.6
19,129,2.63
19,131,2.41
19,133,2.19
19,135,2.37
19,137,2.22
19,139,2.59
19,141,2.28
19,143,2.28
19,145,2.34
19,147,2.23
19,149,2.45
19,151,2.18
19,153,2.5
19,155,2.48
19,157,2.31
19,159,2.4
19,161,2.25
19,163,2.46
19,165,2.32
19,167,2.73
19,169,2.35
19,171,2.51
19,173,2.23
19,175,2.3
19,177,2.49
19,179,2.38
19,181,2.54
19,183,2.43
19,185,2.41
19,187,2.27
19,189,2.2
19,191,2.24
19,193,2.58
19,195,2.35
19,197,2.31
16,1,2.61
16,3,2.39
16,5,2.67
16,7,2.51
16,9,2.45
16,11,3.07
16,13,2.35
16,15,2.29
16,17,2.36
16,19,2.9
16,21,2.55
16,23,2.59
16,25,2.42
16,27,2.98
16,29,2.57
16,31,2.96
16,33,3.22
16,35,2.05
16,37,2.33
16,39,2.6
16,41,3.03
16,43,2.75
16,45,2.63
16,47,2.84
16,49,2.38
16,51,3.3
16,53,2.95
16,55,2.54
16,57,2.33
16,59,2.03
16,61,2.31
16,63,3.21
16,65,3.6
16,67,2.83
16,69,2.4
16,71,2.66
16,73,2.85
16,75,2.77
16,77,2.99
16,79,2.16
16,81,2.85
16,83,2.71
16,85,2.99
16,87,2.59
17,1,2.44
17,3,2.65
17,5,2.57
17,7,2.95
17,9,2.43
17,11,2.4
17,13,2.37
17,15,2.22
17,17,2.51
17,19,2.38
17,21,2.31
17,23,2.4
17,25,2.39
17,27,2.59
17,29,2.31
17,31,2.65
17,33,2.37
17,35,2.51
17,37,2.65
17,39,2.36
17,41,2.58
17,43,2.72
17,45,2.29
17,47,2.37
17,49,2.54
17,51,2.63
17,53,2.39
17,55,2.41
17,57,2.37
17,59,2.23
17,61,2.43
17,63,2.7
17,65,2.36
17,67,2.35
17,69,2.49
17,71,2.26
17,73,2.44
17,75,2.42
17,77,2.36
17,79,2.53
17,81,2.39
17,83,2.45
17,85,2.33
17,87,2.48
17,89,3.01
17,91,2.61
17,93,3.11
17,95,2.25
17,97,2.83
17,99,2.48
17,101,2.22
17,103,2.37
17,105,2.32
17,107,2.17
17,109,2.29
17,111,2.79
17,113,2.53
17,115,2.35
17,117,2.42
17,119,2.45
17,121,2.4
17,123,2.38
17,125,2.27
17,127,2.45
17,129,2.42
17,131,2.4
17,133,2.62
17,135,2.17
17,137,2.29
17,139,2.51
17,141,2.5
17,143,2.39
17,145,2.46
17,147,2.47
17,149,2.34
17,151,2.52
17,153,2.5
17,155,2.37
17,157,2.49
17,159,2.43
17,161,2.36
17,163,2.57
17,165,2.43
17,167,2.35
17,169,2.2
17,171,2.42
17,173,2.42
17,175,2.41
17,177,2.37
17,179,2.45
17,181,2.53
17,183,2.47
17,185,2.37
17,187,2.42
17,189,2.46
17,191,2.34
17,193,2.28
17,195,2.4
17,197,3.02
17,199,2.43
17,201,2.51
17,203,2.65
18,1,2.8
18,3,2.55
18,5,2.57
18,7,2.52
18,9,2.35
18,11,2.61
18,13,2.44
18,15,2.55
18,17,2.57
18,19,2.59
18,21,2.54
18,23,2.76
18,25,2.56
18,27,2.78
18,29,2.63
18,31,2.57
18,33,2.58
18,35,2.4
18,37,2.55
18,39,2.8
18,41,2.5
18,43,2.57
18,45,2.4
18,47,2.57
18,49,2.55
18,51,2.51
18,53,2.39
18,55,2.54
18,57,2.73
18,59,2.68
18,61,2.67
18,63,2.76
18,65,2.54
18,67,2.37
18,69,2.44
18,71,2.57
18,73,2.71
18,75,2.58
18,77,2.37
18,79,2.62
18,81,2.69
18,83,2.4
18,85,2.58
18,87,3.22
18,89,2.65
18,91,2.38
18,93,2.44
18,95,2.41
18,97,2.5
18,99,2.67
18,101,2.42
18,103,2.6
18,105,2.36
18,107,2.52
18,109,2.68
18,111,2.56
18,113,2.58
18,115,2.5
18,117,2.54
18,119,2.46
18,121,2.58
18,123,2.42
18,125,2.49
18,127,2.62
18,129,2.51
18,131,2.48
18,133,2.52
18,135,2.39
18,137,2.58
18,139,2.42
18,141,2.5
18,143,2.61
18,145,2.54
18,147,2.58
18,149,2.62
18,151,2.44
18,153,2.47
18,155,2.55
18,157,2.46
18,159,2.4
18,161,2.44
18,163,2.35
18,165,2.39
18,167,2.45
18,169,2.36
18,171,2.5
18,173,2.63
18,175,2.62
18,177,2.4
18,179,2.52
18,181,2.53
18,183,2.5
20,1,2.39
20,3,2.37
20,5,2.53
20,7,2.38
20,9,2.38
20,11,2.54
20,13,2.38
20,15,2.63
20,17,2.34
20,19,2.21
20,21,2.59
20,23,2.09
20,25,2.25
20,27,2.45
20,29,2.24
20,31,2.33
20,33,2.48
20,35,2.48
20,37,2.49
20,39,1.91
20,41,2.45
20,43,2.32
20,45,2.43
20,47,2.27
20,49,2.1
20,51,2.35
20,53,2.08
20,55,2.9
20,57,3.04
20,59,2.56
20,61,2.83
20,63,2.25
20,65,2.12
20,67,2.86
20,69,2.78
20,71,2.46
20,73,2.23
20,75,2.59
20,77,2.34
20,79,2.47
20,81,2.93
20,83,2.36
20,85,2.51
20,87,2.47
20,89,2.1
20,91,2.56
20,93,2.81
20,95,2.54
20,97,2.21
20,99,2.44
20,101,2.07
20,103,2.7
20,105,2.31
20,107,2.26
20,109,2.21
20,111,2.43
20,113,2.37
20,115,2.4
20,117,2.27
20,119,2.51
20,121,2.55
20,123,2.25
20,125,2.47
20,127,2.36
20,129,2.53
20,131,2.32
20,133,2.47
20,135,2.18
20,137,2.24
20,139,2.44
20,141,2.08
20,143,2.39
20,145,2.32
20,147,2.29
20,149,2.72
20,151,2.39
20,153,2.07
20,155,2.44
20,157,2.07
20,159,2.42
20,161,2.49
20,163,2.28
20,165,2.1
20,167,2.12
20,169,2.42
20,171,2.21
20,173,2.59
20,175,3.05
20,177,2.44
20,179,2.21
20,181,2.14
20,183,2.21
20,185,2.35
20,187,2.58
20,189,2.84
20,191,2.55
20,193,2.39
20,195,2.21
20,197,2.59
20,199,2.52
20,201,2.27
20,203,2.79
20,205,2.37
20,207,2.08
20,209,2.71
21,1,2.5
21,3,2.59
21,5,2.56
21,7,2.48
21,9,2.48
21,11,2.76
21,13,2.44
21,15,2.77
21,17,2.51
21,19,2.41
21,21,2.42
21,23,2.54
21,25,2.41
21,27,2.71
21,29,2.71
21,31,2.44
21,33,2.39
21,35,2.35
21,37,2.49
21,39,2.39
21,41,2.63
21,43,2.54
21,45,2.44
21,47,2.67
21,49,2.49
21,51,2.53
21,53,2.6
21,55,2.4
21,57,2.45
21,59,2.48
21,61,2.51
21,63,2.44
21,65,2.49
21,67,2.35
21,69,2.57
21,71,2.45
21,73,2.28
21,75,2.33
21,77,2.73
21,79,2.55
21,81,2.91
21,83,2.56
21,85,2.6
21,87,2.46
21,89,2.54
21,91,2.62
21,93,2.58
21,95,2.43
21,97,2.57
21,99,2.49
21,101,2.41
21,103,2.57
21,105,2.29
21,107,2.45
21,109,2.39
21,111,2.41
21,113,2.65
21,115,2.53
21,117,2.58
21,119,2.57
21,121,2.5
21,123,2.6
21,125,2.54
21,127,2.6
21,129,2.2
21,131,2.59
21,133,2.44
21,135,2.54
21,137,2.48
21,139,2.44
21,141,2.44
21,143,2.19
21,145,2.33
21,147,2.56
21,149,2.5
21,151,2.49
21,153,2.57
21,155,2.51
21,157,2.43
21,159,2.57
21,161,2.52
21,163,2.73
21,165,2.56
21,167,2.4
21,169,2.51
21,171,2.39
21,173,2.61
21,175,2.45
21,177,2.6
21,179,2.62
21,181,2.47
21,183,2.7
21,185,2.98
21,187,2.59
21,189,2.56
21,191,2.67
21,193,2.47
21,195,2.38
21,197,2.56
21,199,2.45
21,201,2.31
21,203,2.51
21,205,2.44
21,207,2.48
21,209,2.65
21,211,2.67
21,213,2.56
21,215,2.72
21,217,2.46
21,219,2.7
21,221,2.35
21,223,2.46
21,225,2.43
21,227,2.48
21,229,2.56
21,231,2.57
21,233,2.54
21,235,2.6
21,237,2.45
21,239,2.55
22,1,2.7
22,3,2.66
22,5,2.84
22,7,2.64
22,9,2.52
22,11,2.69
22,13,2.35
22,15,2.57
22,17,2.55
22,19,2.55
22,21,2.48
22,23,2.57
22,25,2.48
22,27,2.51
22,29,2.33
22,31,2.61
22,33,2.57
22,35,2.26
22,37,2.43
22,39,2.65
22,41,2.54
22,43,2.63
22,45,2.77
22,47,2.61
22,49,2.49
22,51,2.57
22,53,2.65
22,55,2.55
22,57,2.68
22,59,2.46
22,61,2.56
22,63,2.79
22,65,2.55
22,67,2.5
22,69,2.66
22,71,2.38
22,73,2.55
22,75,2.7
22,77,2.56
22,79,2.68
22,81,2.54
22,83,2.59
22,85,2.6
22,87,2.92
22,89,2.83
22,91,2.59
22,93,2.69
22,95,2.83
22,97,2.68
22,99,2.77
22,101,2.58
22,103,2.7
22,105,2.68
22,107,2.48
22,109,2.78
22,111,2.6
22,113,2.69
22,115,2.82
22,117,2.54
22,119,2.51
22,121,2.61
22,123,2.48
22,125,3.04
22,127,2.36
25,1,2.24
25,3,2.22
25,5,2.53
25,7,2.79
25,9,2.59
25,11,2.3
25,13,2.57
25,15,2.36
25,17,2.56
25,19,2.62
25,21,2.58
25,23,2.71
25,25,2.39
25,27,2.6
24,1,2.33
24,3,2.66
24,5,2.56
24,9,2.87
24,11,2.7
24,13,2.73
24,15,2.73
24,17,2.84
24,19,2.41
24,21,2.68
24,23,2.47
24,25,2.69
24,27,2.78
24,29,2.39
24,31,2.76
24,33,2.86
24,35,2.75
24,37,2.79
24,39,2.26
24,41,2.3
24,43,2.5
24,45,2.62
24,47,2.45
24,510,2.47
23,1,2.34
23,3,2.24
23,5,2.37
23,7,2.48
23,9,2.18
23,11,2.28
23,13,2.27
23,15,2.25
23,17,2.6
23,19,2.36
23,21,2.24
23,23,2.26
23,25,2.34
23,27,2.26
23,29,2.18
23,31,2.4
26,1,2.08
26,3,2.43
26,5,2.67
26,7,2.24
26,9,2.38
26,11,2.36
26,13,2.14
26,15,2.56
26,17,2.42
26,19,2.37
26,21,2.46
26,23,2.58
26,25,2.48
26,27,2.56
26,29,2.39
26,31,2.26
26,33,2.46
26,35,2.28
26,37,2.64
26,39,2.3
26,41,2.3
26,43,2.31
26,45,2.45
26,47,2.33
26,49,2.48
26,51,2.3
26,53,2.1
26,55,2.46
26,57,2.45
26,59,2.5
26,61,2.51
26,63,2.3
26,65,2.4
26,67,2.72
26,69,2.2
26,71,2.07
26,73,2.61
26,75,2.48
26,77,2.47
26,79,2.38
26,81,2.63
26,83,2.1
26,85,2.53
26,87,2.64
26,89,2.31
26,91,2.46
26,93,2.66
26,95,2.27
26,97,2.07
26,99,2.52
26,101,2.28
26,103,2.38
26,105,2.3
26,107,2.61
26,109,2.19
26,111,2.45
26,113,2.52
26,115,2.55
26,117,2.59
26,119,2.27
26,121,2.56
26,123,2.58
26,125,2.47
26,127,2.6
26,129,2.22
26,131,2.01
26,133,2.6
26,135,2.27
26,137,2.38
26,139,2.74
26,141,2.13
26,143,2.06
26,145,2.44
26,147,2.47
26,149,2.59
26,151,2.55
26,153,2.38
26,155,2.49
26,157,2.49
26,159,2.61
26,161,2.43
26,163,2.63
26,165,2.56
27,1,2.05
27,3,2.7
27,5,2.41
27,7,2.59
27,9,2.45
27,11,2.18
27,13,2.46
27,15,2.27
27,17,2.51
27,19,2.76
27,21,2.19
27,23,2.36
27,25,2.63
27,27,2.51
27,29,2.48
27,31,1.93
27,33,2.38
27,35,2.36
27,37,2.59
27,39,2.67
27,41,2.32
27,43,2.18
27,45,2.4
27,47,2.33
27,49,2.42
27,51,2.32
27,53,2.39
27,55,2.35
27,57,2.32
27,59,2.68
27,61,2.33
27,63,2.32
27,65,2.55
27,67,2.48
27,69,2.28
27,71,2.18
27,73,2.24
27,75,2.06
27,77,2.4
27,79,2.52
27,81,2.25
27,83,2.46
27,85,2.4
27,87,2.71
27,89,2.32
27,91,2.26
27,93,2.48
27,95,2.52
27,97,2.43
27,99,2.51
27,101,2.24
27,103,2.39
27,105,2.71
27,107,2.4
27,109,2.52
27,111,2.34
27,113,2.34
27,115,2.42
27,117,2.3
27,119,2.37
27,121,2.23
27,123,2.47
27,125,2.43
27,127,2.43
27,129,2.34
27,131,2.5
27,133,2.37
27,135,2.44
27,137,2.26
27,139,2.9
27,141,2.89
27,143,2.46
27,145,2.52
27,147,2.52
27,149,2.55
27,151,2.21
27,153,2.45
27,155,2.19
27,157,2.36
27,159,2.35
27,161,2.43
27,163,2.67
27,165,2.45
27,167,2.29
27,169,2.46
27,171,2.82
27,173,2.33
29,1,2.36
29,3,2.51
29,5,2.13
29,7,2.58
29,9,2.67
29,11,2.41
29,13,2.44
29,15,2.28
29,17,2.56
29,19,2.41
29,21,2.58
29,23,2.51
29,25,2.39
29,27,2.52
29,29,2.6
29,31,2.49
29,33,2.48
29,35,2.54
29,37,2.63
29,39,2.33
29,41,2.52
29,43,2.69
29,45,2.42
29,47,2.6
29,49,2.48
29,51,2.44
29,53,2.47
29,55,2.61
29,57,2.34
29,59,2.62
29,61,2.65
29,63,2.48
29,65,2.6
29,67,2.54
29,69,2.44
29,71,2.53
29,73,2.35
29,75,2.38
29,77,2.31
29,79,2.45
29,81,2.37
29,83,2.29
29,85,2.25
29,87,2.11
29,89,2.53
29,91,2.45
29,93,2.46
29,95,2.44
29,97,2.52
29,99,2.68
29,101,2.49
29,103,2.34
29,105,2.6
29,107,2.44
29,109,2.6
29,111,2.45
29,113,2.87
29,115,2.53
29,117,2.39
29,119,2.71
29,121,2.43
29,123,2.63
29,125,2.44
29,127,2.43
29,129,2.43
29,131,2.61
29,133,2.41
29,135,2.62
29,137,2.43
29,139,2.37
29,141,2.55
29,143,2.49
29,145,2.62
29,147,2.28
29,149,2.48
29,151,2.62
29,153,2.22
29,155,2.53
29,157,2.54
29,159,2.56
29,161,2.52
29,163,2.47
29,165,2.46
29,167,2.52
29,169,2.84
29,171,2.2
29,173,2.53
29,175,2.72
29,177,2.63
29,179,2.4
29,181,2.57
29,183,2.65
29,185,2.31
29,186,2.48
29,187,2.33
29,189,2.44
29,195,2.48
29,197,2.52
29,199,2.58
29,201,2.52
29,203,2.5
29,205,2.37
29,207,2.43
29,209,2.42
29,211,2.56
29,213,2.43
29,215,2.67
29,217,2.5
29,219,2.74
29,221,2.67
29,223,2.43
29,225,2.78
29,227,2.25
29,229,2.48
29,510,2.2
28,1,2.5
28,3,2.49
28,5,2.55
28,7,2.52
28,9,2.83
28,11,2.6
28,13,2.46
28,15,2.75
28,17,2.63
28,19,2.49
28,21,2.74
28,23,2.51
28,25,2.57
28,27,2.62
28,29,2.82
28,31,2.76
28,33,2.8
28,35,2.58
28,37,2.36
28,39,3.02
28,41,2.59
28,43,2.86
28,45,2.43
28,47,2.52
28,49,2.68
28,51,2.82
28,53,2.91
28,55,2.33
28,57,2.54
28,59,2.78
28,61,2.4
28,63,2.81
28,65,2.35
28,67,2.71
28,69,2.53
28,71,2.65
28,73,2.68
28,75,2.56
28,77,2.63
28,79,2.67
28,81,2.6
28,83,2.76
28,85,2.62
28,87,2.5
28,89,2.65
28,91,2.58
28,93,2.63
28,95,2.57
28,97,2.43
28,99,2.71
28,101,2.61
28,103,2.69
28,105,2.51
28,107,2.81
28,109,2.61
28,111,2.75
28,113,2.65
28,115,2.87
28,117,2.5
28,119,2.49
28,121,2.62
28,123,2.85
28,125,2.64
28,127,2.77
28,129,2.65
28,131,3
28,133,2.81
28,135,2.4
28,137,2.67
28,139,2.61
28,141,2.52
28,143,2.6
28,145,2.66
28,147,2.58
28,149,2.58
28,151,2.69
28,153,2.67
28,155,2.45
28,157,2.6
28,159,2.38
28,161,2.39
28,163,2.82
30,1,2.15
30,3,3.63
30,5,2.87
30,7,2.32
30,9,2.27
30,11,2.38
30,13,2.35
30,15,2.5
30,17,2.38
30,19,1.99
30,21,2.24
30,23,2.13
30,25,2.47
30,27,2.25
30,29,2.48
30,31,2.39
30,33,2.39
30,35,3.07
30,37,2.29
30,39,2.19
30,41,2.63
30,43,2.51
30,45,2.18
30,47,2.38
30,49,2.38
30,51,2.52
30,53,2.21
30,55,2.31
30,57,2.23
30,59,2.47
30,61,2.67
30,63,2.33
30,65,2.43
30,67,2.28
30,69,2.31
30,71,2.26
30,73,2.52
30,75,2.19
30,77,2.25
30,79,2.46
30,81,2.43
30,83,2.51
30,85,3.54
30,87,2.81
30,89,2.21
30,91,2.16
30,93,2.22
30,95,2.44
30,97,2.55
30,99,2.5
30,101,2.24
30,103,2.3
30,105,2.26
30,107,2.34
30,109,2.15
30,111,2.44
37,1,2.45
37,3,2.65
37,5,2.25
37,7,2.55
37,9,2.27
37,11,2.22
37,13,2.54
37,15,2.59
37,17,2.37
37,19,2.34
37,21,2.36
37,23,2.53
37,25,2.78
37,27,2.56
37,29,2.67
37,31,2.27
37,33,2.55
37,35,2.59
37,37,2.47
37,39,2.51
37,41,2.41
37,43,2.33
37,45,2.55
37,47,2.47
37,49,2.51
37,51,2.56
37,53,2.62
37,55,2.32
37,57,2.52
37,59,2.6
37,61,2.68
37,63,2.37
37,65,2.57
37,67,2.46
37,69,2.58
37,71,2.61
37,73,2.65
37,75,2.63
37,77,2.68
37,79,2.66
37,81,2.46
37,83,2.42
37,85,2.84
37,87,2.24
37,89,2.35
37,91,2.48
37,93,2.93
37,95,2.44
37,97,2.69
37,99,2.33
37,101,2.85
37,103,2.43
37,105,2.75
37,107,2.47
37,109,2.62
37,111,2.52
37,113,2.16
37,115,2.36
37,117,2.54
37,119,2.57
37,121,2.36
37,123,2.52
37,125,2.44
37,127,2.52
37,129,2.33
37,131,2.35
37,133,2.75
37,135,2.47
37,137,2.36
37,139,2.61
37,141,2.67
37,143,2.44
37,145,2.52
37,147,2.48
37,149,2.3
37,151,2.59
37,153,2.42
37,155,2.87
37,157,2.42
37,159,2.6
37,161,2.48
37,163,2.7
37,165,2.59
37,167,2.47
37,169,2.43
37,171,2.47
37,173,2.58
37,175,2.31
37,177,2.45
37,179,2.99
37,181,2.65
37,183,2.61
37,185,2.48
37,187,2.4
37,189,2.35
37,191,2.56
37,193,2.48
37,195,2.5
37,197,2.45
37,199,2.35
38,1,2.14
38,3,2.07
38,5,2.97
38,7,2.25
38,9,2.09
38,11,2.28
38,13,2.25
38,15,2.3
38,17,2.29
38,19,2.17
38,21,2.3
38,23,2.07
38,25,2.6
38,27,2.15
38,29,2.13
38,31,2.22
38,33,2.19
38,35,2.25
38,37,2.05
38,39,2.16
38,41,2.25
38,43,2.24
38,45,2.2
38,47,2.12
38,49,2.2
38,51,2.06
38,53,2.93
38,55,2.18
38,57,2.31
38,59,2.3
38,61,2.83
38,63,1.95
38,65,2.3
38,67,2.14
38,69,2.08
38,71,2.2
38,73,2.25
38,75,2.46
38,77,2.28
38,79,3
38,81,2.22
38,83,2.05
38,85,3.93
38,87,2.09
38,89,2.44
38,91,2.09
38,93,2.15
38,95,2.25
38,97,2.35
38,99,2.15
38,101,2.49
38,103,2.04
38,105,2.4
31,1,2.35
31,3,2.27
31,5,2.49
31,7,2.42
31,9,2.39
31,11,2.37
31,13,2.31
31,15,2.15
31,17,2
31,19,2.49
31,21,2.33
31,23,2.26
31,25,2.57
31,27,2.39
31,29,2.25
31,31,2.14
31,33,2.27
31,35,2.4
31,37,2.87
31,39,2.41
31,41,2.25
31,43,2.81
31,45,2.22
31,47,2.71
31,49,2.34
31,51,2.51
31,53,2.37
31,55,2.52
31,57,2.18
31,59,2.22
31,61,2.15
31,63,2.25
31,65,2.11
31,67,2.3
31,69,2.1
31,71,2.1
31,73,2.46
31,75,2.42
31,77,2.46
31,79,2.67
31,81,2.45
31,83,2.19
31,85,2.25
31,87,2.12
31,89,2.25
31,91,1.97
31,93,2.47
31,95,2.18
31,97,2.13
31,99,2.34
31,101,2.06
31,103,2.07
31,105,2.33
31,107,2.24
31,109,2.42
31,111,2.34
31,113,2.33
31,115,2.12
31,117,2.18
31,119,2.43
31,121,2.28
31,123,2.38
31,125,2.25
31,127,2.31
31,129,2.08
31,131,2.41
31,133,2.13
31,135,2.32
31,137,2.4
31,139,2.4
31,141,2.53
31,143,2.37
31,145,2.27
31,147,2.14
31,149,1.94
31,151,2.61
31,153,2.71
31,155,2.56
31,157,2.42
31,159,2.46
31,161,2.29
31,163,2.21
31,165,2.28
31,167,2.61
31,169,2.15
31,171,2.25
31,173,3.3
31,175,2.21
31,177,2.48
31,179,2.33
31,181,2.31
31,183,2.18
31,185,2.31
33,1,2.42
33,3,2.22
33,5,2.34
33,7,2.13
33,9,2.35
33,11,2.55
33,13,2.49
33,15,2.51
33,17,2.48
33,19,2.44
34,1,2.64
34,3,2.73
34,5,2.66
34,7,2.71
34,9,2.3
34,11,2.86
34,13,2.77
34,15,2.74
34,17,2.63
34,19,2.6
34,21,2.69
34,23,2.85
34,25,2.67
34,27,2.72
34,29,2.59
34,31,3.09
34,33,2.61
34,35,2.81
34,37,2.67
34,39,2.91
34,41,2.52
35,1,2.52
35,3,2.44
35,5,2.72
35,6,2.98
35,7,2.26
35,9,2.72
35,11,3.84
35,13,2.8
35,15,2.66
35,17,2.37
35,19,3.28
35,21,2.99
35,23,2.47
35,25,3.08
35,27,2.33
35,28,2.34
35,29,2.7
35,31,3.97
35,33,2.81
35,35,2.63
35,37,2.59
35,39,2.86
35,41,2.62
35,43,2.83
35,45,3.04
35,47,2.51
35,49,2.35
35,51,2.25
35,53,3.43
35,55,2.44
35,57,2.81
35,59,2.39
35,61,2.78
32,1,2.51
32,3,2.78
32,5,2.37
32,7,2.87
32,9,2.35
32,11,2.17
32,13,2.74
32,15,2.79
32,17,2.55
32,19,2.63
32,21,2.25
32,23,2.42
32,27,2.29
32,29,2.2
32,31,2.58
32,33,2.71
32,510,2.43
36,1,2.35
36,3,2.36
36,5,2.86
36,7,2.37
36,9,2.41
36,11,2.43
36,13,2.36
36,15,2.35
36,17,2.49
36,19,2.32
36,21,2.37
36,23,2.54
36,25,2.31
36,27,2.61
36,29,2.33
36,31,2.37
36,33,2.36
36,35,2.4
36,37,2.45
36,39,2.55
36,41,3.38
36,43,2.4
36,45,2.54
36,47,2.74
36,49,2.54
36,51,2.42
36,53,2.55
36,55,2.41
36,57,2.5
36,59,3.03
36,61,2.09
36,63,2.39
36,65,2.43
36,67,2.43
36,69,2.38
36,71,2.9
36,73,2.43
36,75,2.57
36,77,2.36
36,79,2.84
36,81,2.91
36,83,2.43
36,85,2.81
36,87,3.17
36,89,2.42
36,91,2.44
36,93,2.65
36,95,2.46
36,97,2.35
36,99,2.37
36,101,2.36
36,103,2.98
36,105,2.54
36,107,2.5
36,109,2.35
36,111,2.44
36,113,2.4
36,115,2.45
36,117,2.48
36,119,2.75
36,121,2.38
36,123,2.46
39,1,2.56
39,3,2.53
39,5,2.5
39,7,2.48
39,9,2.47
39,11,2.49
39,13,2.35
39,15,2.62
39,17,2.68
39,19,2.54
39,21,2.53
39,23,2.44
39,25,2.65
39,27,2.53
39,29,2.43
39,31,2.53
39,33,2.37
39,35,2.31
39,37,2.48
39,39,2.49
39,41,2.78
39,43,2.35
39,45,2.66
39,47,2.44
39,49,2.47
39,51,2.59
39,53,2.56
39,55,2.67
39,57,2.41
39,59,2.51
39,61,2.37
39,63,2.37
39,65,2.55
39,67,2.45
39,69,2.52
39,71,2.55
39,73,2.48
39,75,3.36
39,77,2.58
39,79,2.5
39,81,2.35
39,83,2.53
39,85,2.39
39,87,2.6
39,89,2.57
39,91,2.42
39,93,2.5
39,95,2.4
39,97,2.57
39,99,2.32
39,101,2.43
39,103,2.63
39,105,2.49
39,107,2.54
39,109,2.49
39,111,2.37
39,113,2.32
39,115,2.41
39,117,2.73
39,119,2.45
39,121,2.45
39,123,2.33
39,125,2.48
39,127,2.59
39,129,2.68
39,131,2.55
39,133,2.54
39,135,2.56
39,137,2.6
39,139,2.4
39,141,2.52
39,143,2.49
39,145,2.5
39,147,2.45
39,149,2.62
39,151,2.43
39,153,2.41
39,155,2.33
39,157,2.49
39,159,2.73
39,161,2.49
39,163,2.63
39,165,2.73
39,167,2.38
39,169,2.6
39,171,2.39
39,173,2.44
39,175,2.38
40,1,2.78
40,3,2.28
40,5,2.37
40,7,2.7
40,9,2.87
40,11,2.25
40,13,2.58
40,15,2.77
40,17,2.88
40,19,2.67
40,21,2.81
40,23,2.52
40,25,2.28
40,27,2.59
40,29,2.51
40,31,2.69
40,33,2.48
40,35,2.52
40,37,2.67
40,39,2.63
40,41,2.47
40,43,2.57
40,45,2.38
40,47,2.52
40,49,2.57
40,51,2.7
40,53,2.26
40,55,2.3
40,57,2.35
40,59,2.57
40,61,2.6
40,63,2.7
40,65,2.48
40,67,2.5
40,69,2.58
40,71,2.46
40,73,2.64
40,75,2.31
40,77,2.5
40,79,2.67
40,81,2.58
40,83,2.83
40,85,2.98
40,87,2.74
40,89,2.53
40,91,2.38
40,93,2.49
40,95,2.64
40,97,2.56
40,99,2.5
40,101,2.53
40,103,2.41
40,105,2.56
40,107,2.72
40,109,2.53
40,111,2.53
40,113,2.55
40,115,2.58
40,117,2.6
40,119,2.36
40,121,2.36
40,123,2.52
40,125,2.61
40,127,2.34
40,129,2.8
40,131,2.64
40,133,2.7
40,135,2.64
40,137,2.48
40,139,2.93
40,141,2.4
40,143,2.5
40,145,2.74
40,147,2.43
40,149,2.46
40,151,2.37
40,153,2.7
41,1,2.16
41,3,2.4
41,5,2.59
41,7,2.32
41,9,2.6
41,11,2.38
41,13,2.29
41,15,2.11
41,17,2.49
41,19,2.41
41,21,2.24
41,23,2.26
41,25,2.32
41,27,2.66
41,29,2.45
41,31,2.76
41,33,2.38
41,35,2.39
41,37,2.08
41,39,2.39
41,41,2.22
41,43,2.61
41,45,2.62
41,47,2.75
41,49,2.96
41,51,2.41
41,53,2.65
41,55,2.22
41,57,2.45
41,59,2.7
41,61,2.46
41,63,2.18
41,65,2.5
41,67,2.66
41,69,1.97
41,71,2.78
42,1,2.55
42,3,2.26
42,5,2.36
42,7,2.38
42,9,2.43
42,11,2.61
42,13,2.41
42,15,2.52
42,17,2.65
42,19,2.42
42,21,2.28
42,23,2.2
42,25,2.48
42,27,2.47
42,29,2.66
42,31,2.39
42,33,2.38
42,35,2.52
42,37,2.4
42,39,2.42
42,41,2.38
42,43,2.41
42,45,2.65
42,47,2.34
42,49,2.43
42,51,2.41
42,53,1.86
42,55,2.56
42,57,2.46
42,59,2.33
42,61,2.36
42,63,2.41
42,65,2.38
42,67,2.61
42,69,2.41
42,71,2.64
42,73,2.38
42,75,2.54
42,77,2.6
42,79,2.39
42,81,2.42
42,83,2.29
42,85,2.37
42,87,2.46
42,89,2.89
42,91,2.57
42,93,2.41
42,95,2.56
42,97,2.27
42,99,2.49
42,101,2.59
42,103,2.66
42,105,2.57
42,107,2.38
42,109,2.62
42,111,2.42
42,113,2.22
42,115,2.41
42,117,2.47
42,119,2.38
42,121,2.38
42,123,2.35
42,125,2.42
42,127,2.47
42,129,2.33
42,131,2.52
42,133,2.57
72,1,2.99
72,3,3.09
72,5,2.69
72,7,3.1
72,9,2.85
72,11,2.97
72,13,2.81
72,15,3.02
72,17,2.98
72,19,3.16
72,21,2.68
72,23,2.94
72,25,2.72
72,27,2.84
72,29,3.22
72,31,2.6
72,33,2.85
72,35,2.81
72,37,2.79
72,39,3.04
72,41,3.03
72,43,2.94
72,45,3.13
72,47,3.23
72,49,3.01
72,51,3.09
72,53,2.7
72,54,2.84
72,55,3.33
72,57,2.74
72,59,3.08
72,61,2.67
72,63,3.03
72,65,2.89
72,67,2.6
72,69,3.01
72,71,2.88
72,73,3.26
72,75,2.93
72,77,3.07
72,79,2.93
72,81,2.81
72,83,2.93
72,85,2.99
72,87,3.15
72,89,2.86
72,91,2.59
72,93,3.3
72,95,2.86
72,97,2.7
72,99,3.14
72,101,3.29
72,103,3.04
72,105,3.44
72,107,3.27
72,109,2.87
72,111,2.98
72,113,2.75
72,115,2.78
72,117,2.73
72,119,3.09
72,121,3.41
72,123,2.71
72,125,2.7
72,127,2.47
72,129,2.91
72,131,2.95
72,133,2.96
72,135,3.29
72,137,2.94
72,139,2.87
72,141,3.1
72,143,3.06
72,145,3.27
72,147,3.29
72,149,3.06
72,151,2.97
72,153,3.75
44,1,2.38
44,3,2.38
44,5,2.27
44,7,2.53
44,9,2.42
45,1,2.52
45,3,2.53
45,5,2.58
45,7,2.55
45,9,2.41
45,11,2.61
45,13,2.51
45,15,2.75
45,17,2.45
45,19,2.44
45,21,2.68
45,23,2.61
45,25,2.52
45,27,2.47
45,29,2.53
45,31,2.52
45,33,2.69
45,35,2.77
45,37,2.6
45,39,2.52
45,41,2.61
45,43,2.55
45,45,2.58
45,47,2.52
45,49,2.53
45,51,2.43
45,53,2.85
45,55,2.58
45,57,2.7
45,59,2.54
45,61,2.63
45,63,2.54
45,65,2.15
45,67,2.67
45,69,2.5
45,71,2.55
45,73,2.43
45,75,2.63
45,77,2.53
45,79,2.53
45,81,2.78
45,83,2.58
45,85,2.6
45,87,2.37
45,89,2.64
45,91,2.61
46,3,2.24
46,5,2.31
46,7,3.24
46,9,2.23
46,11,2.38
46,13,2.29
46,15,2.47
46,17,3.73
46,19,2.49
46,21,2.27
46,23,2.78
46,25,2.21
46,27,2.21
46,29,2.28
46,31,3.37
46,33,2.12
46,35,2.2
46,37,2.15
46,39,2.25
46,41,3.36
46,43,2.22
46,45,2.3
46,47,2.14
46,49,2.16
46,51,2.2
46,53,2.12
46,55,2.39
46,57,2.64
46,59,2.19
46,61,2.96
46,63,2.48
46,65,2.3
46,67,2.23
46,69,2.52
46,71,3.05
46,73,2.31
46,75,1.83
46,77,2.18
46,79,2.38
46,81,2.22
46,83,2.74
46,85,2.74
46,87,2.37
46,89,1.89
46,91,2.52
46,93,2.42
46,95,3.04
46,97,2.24
46,99,2.48
46,101,2.3
46,102,4.73
46,103,2.46
46,105,2.21
46,107,2.11
46,109,2.74
46,111,2.09
46,115,2.41
46,117,2.34
46,119,2.34
46,121,3.62
46,123,2.08
46,125,2.31
46,127,2.48
46,129,2.21
46,135,2.33
46,137,3.5
47,1,2.43
47,3,2.72
47,5,2.37
47,7,2.75
47,9,2.51
47,11,2.58
47,13,2.48
47,15,2.53
47,17,2.45
47,19,2.31
47,21,2.7
47,23,2.66
47,25,2.4
47,27,2.37
47,29,2.38
47,31,2.49
47,33,2.64
47,35,2.35
47,37,2.41
47,39,2.3
47,41,2.7
47,43,2.69
47,45,2.51
47,47,2.58
47,49,2.43
47,51,2.4
47,53,2.49
47,55,2.49
47,57,2.52
47,59,2.38
47,61,2.55
47,63,2.54
47,65,2.48
47,67,2.35
47,69,2.59
47,71,2.58
47,73,2.42
47,75,2.57
47,77,2.57
47,79,2.36
47,81,2.6
47,83,2.49
47,85,2.53
47,87,2.49
47,89,2.58
47,91,2.29
47,93,2.39
47,95,2.38
47,97,2.5
47,99,2.59
47,101,2.49
47,103,2.43
47,105,2.49
47,107,2.58
47,109,2.61
47,111,2.53
47,113,2.56
47,115,2.43
47,117,2.57
47,119,2.55
47,121,2.51
47,123,2.6
47,125,2.76
47,127,2.55
47,129,2.52
47,131,2.42
47,133,2.45
47,135,2.4
47,137,2.25
47,139,2.44
47,141,2.38
47,143,2.51
47,145,2.4
47,147,2.7
47,149,2.76
47,151,2.61
47,153,2.56
47,155,2.52
47,157,2.65
47,159,2.53
47,161,2.57
47,163,2.32
47,165,2.7
47,167,2.82
47,169,2.65
47,171,2.36
47,173,2.59
47,175,2.61
47,177,2.51
47,179,2.29
47,181,2.48
47,183,2.32
47,185,2.65
47,187,2.86
47,189,2.72
48,1,2.68
48,3,3.05
48,5,2.77
48,7,2.46
48,9,2.6
48,11,2.63
48,13,3.04
48,15,2.59
48,17,2.92
48,19,2.45
48,21,2.94
48,23,2.06
48,25,2.85
48,27,2.89
48,29,2.9
48,31,2.55
48,33,2.69
48,35,2.52
48,37,2.63
48,39,2.85
48,41,2.58
48,43,2.27
48,45,2.47
48,47,3.31
48,49,2.71
48,51,2.67
48,53,2.58
48,55,2.85
48,57,2.68
48,59,2.55
48,61,3.42
48,63,2.81
48,65,2.62
48,67,2.56
48,69,3.14
48,71,2.84
48,73,2.74
48,75,2.44
48,77,2.51
48,79,2.79
48,81,1.95
48,83,2.49
48,85,2.81
48,87,2.7
48,89,2.67
48,91,2.7
48,93,2.62
48,95,3.3
48,97,2.61
48,99,2.86
48,101,2.38
48,103,3.01
48,105,2.53
48,107,2.71
48,109,2.86
48,111,3.09
48,113,2.79
48,115,2.74
48,117,3.05
48,119,2.67
48,121,2.8
48,123,2.66
48,125,2.36
48,127,2.96
48,129,2.53
48,131,2.8
48,133,2.55
48,135,2.91
48,137,2.54
48,139,2.95
48,141,3.14
48,143,2.62
48,145,2.86
48,147,2.56
48,149,2.55
48,151,2.29
48,153,2.54
48,155,2.3
48,157,3.17
48,159,2.46
48,161,2.44
48,163,3.14
48,165,3.35
48,167,2.66
48,169,2.7
48,171,2.36
48,173,2.74
48,175,2.54
48,177,3.07
48,179,2.59
48,181,2.55
48,183,2.61
48,185,2.63
48,187,2.89
48,189,2.86
48,191,2.71
48,193,2.52
48,195,2.78
48,197,2.42
48,199,2.64
48,201,2.88
48,203,2.76
48,205,2.61
48,207,2.2
48,209,2.78
48,211,2.77
48,213,2.61
48,215,3.62
48,217,2.63
48,219,2.8
48,221,2.51
48,223,2.65
48,225,2.45
48,227,2.73
48,229,3.06
48,231,2.77
48,233,2.62
48,235,2.5
48,237,2.55
48,239,2.79
48,241,2.83
48,243,2.12
48,245,2.53
48,247,3.09
48,249,2.97
48,251,2.84
48,253,2.26
48,255,2.83
48,257,3.05
48,259,2.72
48,261,3.88
48,263,2.07
48,265,2.38
48,267,2.22
48,269,2.36
48,271,3
48,273,2.76
48,275,2.55
48,277,2.56
48,279,2.78
48,281,2.66
48,283,3.19
48,285,2.48
48,287,2.69
48,289,2.72
48,291,2.82
48,293,2.77
48,295,2.87
48,297,2.78
48,299,2.21
48,301,2.6
48,303,2.59
48,305,2.62
48,307,2.59
48,309,2.68
48,311,2.8
48,313,2.32
48,315,2.26
48,317,3.18
48,319,2.37
48,321,2.7
48,323,3.48
48,325,2.98
48,327,2.25
48,329,2.83
48,331,2.56
48,333,2.55
48,335,2.45
48,337,2.39
48,339,2.88
48,341,3.21
48,343,2.53
48,345,2.41
48,347,2.52
48,349,2.7
48,351,2.88
48,353,2.62
48,355,2.72
48,357,2.86
48,359,2.52
48,361,2.57
48,363,2.62
48,365,2.63
48,367,2.78
48,369,3.08
48,371,3.17
48,373,2.4
48,375,2.68
48,377,2.77
48,379,2.61
48,381,2.55
48,383,2.93
48,385,2.65
48,387,2.38
48,389,3.06
48,391,2.59
48,393,2.66
48,395,2.69
48,397,2.98
48,399,2.76
48,401,2.75
48,403,2.73
48,405,2.93
48,407,2.84
48,409,2.87
48,411,2.45
48,413,3
48,415,2.65
48,417,2.42
48,419,2.72
48,421,3.07
48,423,2.7
48,425,2.45
48,427,3.84
48,429,2.55
48,431,2.9
48,433,2.35
48,435,2.66
48,437,2.73
48,439,2.81
48,441,2.59
48,443,1.98
48,445,2.86
48,447,2.17
48,449,3.08
48,451,2.54
48,453,2.57
48,455,2.69
48,457,2.39
48,459,2.85
48,461,2.75
48,463,3.13
48,465,3.2
48,467,2.79
48,469,2.73
48,471,2.37
48,473,2.94
48,475,2.86
48,477,2.68
48,479,3.73
48,481,2.77
48,483,2.42
48,485,2.45
48,487,2.41
48,489,3.51
48,491,2.9
48,493,2.9
48,495,2.84
48,497,2.86
48,499,2.57
48,501,3.01
48,503,2.54
48,505,3.16
48,507,3.26
49,1,2.84
49,3,3.08
49,5,3.19
49,7,2.61
49,9,2.43
49,11,3.29
49,13,2.94
49,15,3.02
49,17,2.75
49,19,2.44
49,21,3.07
49,23,3.29
49,25,2.55
49,27,2.98
49,29,3.4
49,31,3.28
49,33,3.57
49,35,3.03
49,37,3.75
49,39,3.13
49,41,2.9
49,43,2.75
49,45,3.25
49,47,3.22
49,49,3.62
49,51,3.27
49,53,2.99
49,55,2.74
49,57,2.94
51,1,2.29
51,3,2.45
51,5,2.33
51,7,2.68
51,9,2.48
51,11,2.55
51,13,2.24
51,15,2.5
51,17,2.1
51,19,2.48
51,21,2.19
51,23,2.55
51,25,2.51
51,27,2.37
51,29,2.68
51,31,2.5
51,33,2.48
51,35,2.37
51,36,2.47
51,37,2.57
51,41,2.78
51,43,2.55
51,45,2.35
51,47,2.83
51,49,2.45
51,51,2.43
51,53,2.74
51,57,2.53
51,59,2.85
51,61,2.84
51,63,2.46
51,65,2.5
51,67,2.36
51,69,2.72
51,71,2.32
51,73,2.57
51,75,2.5
51,77,2.24
51,79,2.64
51,81,2.17
51,83,2.43
51,85,2.65
51,87,2.54
51,89,2.32
51,91,2.1
51,93,2.57
51,95,2.49
51,97,2.46
51,99,2.96
51,101,2.66
51,103,2.13
51,105,2.52
51,107,3.08
51,109,2.64
51,111,2.48
51,113,2.58
51,115,2.3
51,117,2.41
51,119,2.38
51,121,2.48
51,125,2.33
51,127,2.61
51,131,2.26
51,133,2.1
51,135,2.54
51,137,2.66
51,139,2.52
51,141,2.31
51,143,2.36
51,145,2.63
51,147,2.49
51,149,3.03
51,153,3.17
51,155,2.3
51,157,2.26
51,159,2.47
51,161,2.4
51,163,2.39
51,165,2.57
51,167,2.51
51,169,2.34
51,171,2.47
51,173,2.43
51,175,2.53
51,177,2.97
51,179,3.08
51,181,2.56
51,183,2.08
51,185,2.38
51,187,2.62
51,191,2.35
51,193,2.51
51,195,2.46
51,197,2.44
51,199,2.73
51,510,2.21
51,520,2.22
51,530,2.26
51,540,2.39
51,550,2.75
51,570,2.44
51,580,2.28
51,590,2.2
51,595,2.21
51,600,2.7
51,610,2.57
51,620,2.41
51,630,2.46
51,640,2.19
51,650,2.51
51,660,2.69
51,670,2.53
51,678,2.04
51,680,2.37
51,683,3.27
51,685,3.31
51,690,2.26
51,700,2.5
51,710,2.53
51,720,2.21
51,730,2.44
51,735,2.59
51,740,2.54
51,750,2.57
51,760,2.33
51,770,2.29
51,775,2.29
51,790,2.21
51,800,2.75
51,810,2.63
51,820,2.32
51,830,2.37
51,840,2.47
50,1,2.38
50,3,2.25
50,5,2.43
50,7,2.36
50,9,2.29
50,11,2.57
50,13,2.34
50,15,2.39
50,17,2.32
50,19,2.35
50,21,2.29
50,23,2.32
50,25,2.21
50,27,2.25
53,1,3.24
53,3,2.34
53,5,2.72
53,7,2.7
53,9,2.27
53,11,2.71
53,13,2.31
53,15,2.54
53,17,2.76
53,19,2.39
53,21,3.4
53,23,2.3
53,25,3
53,27,2.51
53,29,2.33
53,31,2.18
53,33,2.45
53,35,2.54
53,37,2.34
53,39,2.62
53,41,2.52
53,43,2.34
53,45,2.58
53,47,2.42
53,49,2.24
53,51,2.38
53,53,2.65
53,55,2.04
53,57,2.56
53,59,2.49
53,61,2.68
53,63,2.45
53,65,2.44
53,67,2.52
53,69,2.31
53,71,2.5
53,73,2.53
53,75,2.31
53,77,3.05
55,1,2.47
55,3,2.29
55,5,2.35
55,7,2.16
55,9,2.46
55,11,2.29
55,13,2.08
55,15,2.66
55,17,2.44
55,19,2.65
55,21,2.44
55,23,2.38
55,25,2.35
55,27,2.51
55,29,2.11
55,31,2.28
55,33,2.48
55,35,2.43
55,37,2.32
55,39,2.4
55,41,2.33
55,43,2.44
55,45,2.47
55,47,2.36
55,49,2.43
55,51,1.99
55,53,2.42
55,55,2.49
55,57,2.48
55,59,2.62
55,61,2.49
55,63,2.41
55,65,2.51
55,67,2.21
55,69,2.22
55,71,2.34
55,73,2.48
55,75,2.2
55,77,2.36
55,78,3.48
55,79,2.44
55,81,2.49
55,83,2.4
55,85,2.33
55,87,2.51
55,89,2.5
55,91,2.45
55,93,2.51
55,95,2.39
55,97,2.41
55,99,2.03
55,101,2.53
55,103,2.29
55,105,2.47
55,107,2.27
55,109,2.63
55,111,2.45
55,113,2.19
55,115,2.41
55,117,2.4
55,119,2.32
55,121,2.45
55,123,2.54
55,125,1.99
55,127,2.53
55,129,2.16
55,131,2.49
55,133,2.51
55,135,2.35
55,137,2.39
55,139,2.33
55,141,2.3
54,1,2.68
54,3,2.63
54,5,2.5
54,7,2.51
54,9,2.26
54,11,2.32
54,13,2.44
54,15,2.62
54,17,2.85
54,19,2.47
54,21,2.4
54,23,2.8
54,25,2.28
54,27,2.25
54,29,2.32
54,31,2.69
54,33,2.48
54,35,2.62
54,37,2.65
54,39,2.28
54,41,2.48
54,43,2.69
54,45,2.5
54,47,2.39
54,49,2.47
54,51,2.36
54,53,2.44
54,55,2.39
54,57,2.4
54,59,2.38
54,61,2.56
54,63,2.3
54,65,2.36
54,67,2.39
54,69,2.24
54,71,2.35
54,73,2.43
54,75,2.24
54,77,2.52
54,79,2.6
54,81,2.4
54,83,2.35
54,85,2.56
54,87,2.48
54,89,2.22
54,91,2.45
54,93,2.26
54,95,2.48
54,97,2.57
54,99,2.47
54,101,2.28
54,103,2.46
54,105,2.4
54,107,2.37
54,109,2.48
56,1,2.26
56,3,2.59
56,5,2.71
56,7,2.44
56,9,2.47
56,11,2.43
56,13,2.61
56,15,2.35
56,17,2.15
56,19,2.34
56,21,2.51
56,23,2.68
56,25,2.44
56,27,2.15
56,29,2.38
56,31,2.3
56,33,2.28
56,35,2.74
56,37,2.64
56,39,2.63
56,41,2.76
56,43,2.34
56,45,2.27
